<?xml version="1.0" encoding="UTF-8"?>
<!DOCTYPE hibernate-mapping PUBLIC
        "-//Hibernate/Hibernate Mapping DTD 3.0//EN"
        "http://www.hibernate.org/dtd/hibernate-mapping-3.0.dtd">

<hibernate-mapping>
    <class name="domain.Sarcina" table="Sarcini">

        <id name="id" column="id" type="long">
            <generator class="increment"/>
        </id>

        <property name="descriere" column="descriere" type="string"/>

        <property name="status" column="status" type="string"/>

        <property name="idAngajat" column="idAngajat" type="long"/>

    </class>
</hibernate-mapping>
