<?xml version="1.0" encoding="UTF-8"?>
<!DOCTYPE hibernate-mapping PUBLIC
        "-//Hibernate/Hibernate Mapping DTD 3.0//EN"
        "http://www.hibernate.org/dtd/hibernate-mapping-3.0.dtd">

<hibernate-mapping>
    <class name="domain.Sef" table="Sefi">

        <id name="id" column="id" type="long">
            <generator class="identity"/>
        </id>

        <property name="nume" column="nume" type="string"/>

        <property name="username" column="username" type="string" unique="true"/>

        <property name="parola" column="parola" type="string"/>

    </class>
</hibernate-mapping>
