<?xml version="1.0" encoding="UTF-8"?>
<!DOCTYPE hibernate-configuration PUBLIC
        "-//Hibernate/Hibernate Configuration DTD 3.0//EN"
        "http://www.hibernate.org/dtd/hibernate-configuration-3.0.dtd">

<hibernate-configuration>
    <session-factory>

        <property name="dialect">org.hibernate.dialect.identity.SQLiteDialect</property>
        <property name="connection.driver_class">org.sqlite.JDBC</property>
        <property name="connection.url">jdbc:sqlite:/Users/vladfrunzescu/Documents/An II/Semestrul II/MPP/databases/monitorizareAngajati.db</property>

        <property name="hibernate.hbm2ddl.auto">update</property>

        <property name="show_sql">true</property>
        <property name="format_sql">true</property>
        <property name="hibernate.enable_lazy_load_no_trans">true</property>

        <mapping resource="domain/Angajat.hbm.xml"/>
        <mapping resource="domain/Sef.hbm.xml"/>
        <mapping resource="domain/Sarcina.hbm.xml"/>
    </session-factory>
</hibernate-configuration>
